タイトル,特集名,制作年/国/時間,監督/出演,概要,上映スケジュール,料金,受賞歴,イベント情報
小学校～それは小さな社会～,,2023年/日本・アメリカ・フィンランド・フランス/1h39,監督・編集：山崎エマ,社会生活を学ぶ1年生と次章への準備を始める6年生。日本の公立小学校に通う1年生と6年生の学校生活を春夏秋冬にわたって描いたドキュメンタリー。,6/7(土)～6/13(金) 11：50～(終13：34) 6/14(土)～6/20(金) 9：30～(終11：14),一般1700円 / 大学・専門1300円 / シニア1100円 / 小・中・高1000円 / 会員990円,EBS国際ドキュメンタリー映画祭 審査員特別賞 ニッポン・コネクション 最優秀ドキュメンタリー賞,
ザ・ルーム・ネクスト・ドア,,2024年/スペイン/1h47,監督・脚本：ペドロ・アルモドバル 出演：ティルダ・スウィントン、ジュリアン・ムーア、ジョン・タトゥーロ、アレッサンドロ・ニボラ,病に侵され安楽死を望む女性と、彼女に寄り添う親友の最期の数日間。巨匠アルモドバルが人生の終わりと生きる喜びを描く、世界が沸いたヒューマンドラマ。,6/7(土)～6/13(金) 16：10～(終18：00) 6/14(土)～6/20(金) 13：00～(終14：50),一般1700円 / 大学・専門1300円 / シニア1100円 / 小・中・高1000円 / 会員990円,ヴェネチア国際映画祭 金獅子賞,
Playground/校庭,,2021年/ベルギー/1h12,監督・脚本：ローラ・ワンデル 出演：マヤ・ヴァンダービーク、ガンター・デュレ,小学校に入学した少女ノラは兄がいじめられている現場を目撃しショックを受ける…。ノラの視点から、不安と恐怖に満ちた子どもたちの過酷な日常を描く。,6/14(土)～6/20(金) 11：30～(終12：45),一般1700円 / 大学・専門1300円 / シニア1100円 / 小・中・高1000円 / 会員990円,アカデミー賞 国際長編映画賞ショートリスト選出 カンヌ国際映画祭「 ある視点」部門 国際批評家連盟賞,
リアル・ペイン～心の旅～,,2024年/アメリカ・ポーランド/1h30/PG12,監督・脚本・製作・出演：ジェシー・アイゼンバーグ 出演：キーラン・カルキン、ウィル・シャープ、ジェニファー・グレイ,祖母の遺言により再会した従兄弟同士のデヴィッドとベンジーはポーランド旅行へ…。正反対の二人が衝突しながらも痛みと向き合うロードムービー。,6/14(土)～6/20(金) 15：05～(終16：40),一般1700円 / 大学・専門1300円 / シニア1100円 / 小・中・高1000円 / 会員990円,アカデミー賞 助演男優賞（キーラン・カルキン） ゴールデングローブ賞 助演男優賞受賞、作品賞他3部門ノミネート,
Brotherブラザー 富都（プドゥ）のふたり,,2023年/マレーシア・台湾/1h55/PG12,監督・脚本：ジン・オング 出演：ウー・カンレン、ジャック・タン,マレーシアのスラム街。ろう者の兄アバンは堅実に日雇いで働き、弟アディは裏社会でお金を稼ぐ。ある日、事件が起こり…。兄弟の過酷な運命を描く。,6/14(土)～6/20(金) 16：50～(終18：50),一般1700円 / 大学・専門1300円 / シニア1100円 / 小・中・高1000円 / 会員990円,金馬奨 最優秀主演男優賞受賞 5部門ノミネート,
ほんとうのうた～朗読劇「銀河鉄道の夜」を追って～,,2014年/日本/1h40,監督：河合宏樹 出演：古川日出男、管啓次郎、小島ケイタニーラブ、柴田元幸、青柳いづみ 美術:サカタアキコ 音楽:小島ケイタニーラブ,小説家・古川日出男が宮沢賢治のヴィジョンを震災後の視点から戯曲化した朗読劇「銀河鉄道の夜」。詩人・管啓次郎、音 楽家・小島ケイタニーラブ、翻訳家・柴田元幸と共に、東北をはじめ全国各地をめぐり、土地ごとの変容をとげる旅を追ったロード・ドキュメンタリー。,6/14(土) 19:00〜(終20:45),,,
うたのはじまり 絵字幕版,,2020年/日本/1h26/PG12,監督：河合宏樹 出演:齋藤陽道、盛山麻奈美、盛山樹、七尾旅人、飴屋法水、CANTUS 配給:SPACE SHOWER FILMS,“ろう”の写真家、齋藤陽道。子育てを通し、それまで嫌いだった「うた」に出会うまでを描いたドキュメンタリー。20歳で 補聴器を捨てカメラを持ち、「聞く」ことよりも「見る」ことを選んだ彼の口から、ふとこぼれた子守歌をきっかけにある変化が訪れる。画家・小指が手掛ける五線紙に音が描かれた絵字幕版で上映。,6/15 (日)、17 日(火) 19:00〜(終20:31),,,
コルバトントリ、〈劇場初上映〉,,2017年/日本/1h40,監督：河合宏樹 原作：山下澄人 演出・上演台本・音響・美術：飴屋法水 出演：青柳いづみ、安藤真理、郷拓郎(detune.)、山下澄人、飴屋法水、グルパリ、くるみ,芥川賞作家・山下澄人の小説を、鬼才・飴屋法水が舞台化。さまざまなものの死のエピソードが時間軸を越えて描かれ、不明瞭な虚実の中で断片的に積み上げられていく。2015年、清澄白河SNACにて上演された作品を収録した映像作品を劇場にて初上映。,6/16 (月) 19:00〜(終20:45),,,
cocoon 〈劇場初上映〉,,2024年/日本/2h36,監督：河合宏樹 原作:今日マチ子 作・演出:藤田貴大 音楽:原田郁子 出演:青柳いづみ、菊池明明、小泉まき 他 ミックスエンジニア:田鹿充(△巛),沖縄戦に動員される少女たちに想を得た漫画家・今日マチ子の傑作漫画「cocoon」を原作に、劇作家・藤田貴大率いるマームとジプシーが音楽家・原田郁子と 2013 年に舞台化。少女たちの日常が死と隣り合わせの日々へと変わっていく様子を、 切実に描く。2022年に再再演された舞台を映像化、戦後80年目の沖縄解放命令の日に劇場初上映。,6/18 (水) 19:00〜(終21:41),,,
"『平家物語諸行無常セッション』＋「平家物語 パフォーマンスミックス ""映像の再配置""」〈初上映〉",,『平家物語 諸行無常セッション』,2022年/日本/1h04 監督：河合宏樹 出演: 古川日出男 坂田明 向井秀徳 配給:K3 企画,2017年5月28日、高知県・五台山竹林寺文学。「平家物語」の現代語全訳を完成させた古川日出男、朗読と演奏で「平家物語」を翻案続ける坂田明、音楽を通し“諸行無常”を繰り返し唱えてきた向井秀徳による一夜限りの伝説的セッションを映画化。文学、音楽、演劇の枠を超え、三つの魂が交錯し響かせた祈りが今また蘇る。,6/19 (木) 19:00〜(終21:09),,,
兵士 A,,2016年/日本/2h56,監督：河合宏樹 出演・演奏:七尾旅人 サックス・クラリネット:梅津和時 舞台映像:ひらのりょう,七尾旅人、初となるライブ映像作品「兵士A」。断髪し、1人目の戦死自衛官に扮して描き出す、およそ100年間に及ぶ物 語。ほぼ新曲のみで構成され、「CD というフォーマットでは収め切れなかったニューアルバム」ともいえる、前例のないライブ映像作品として結実させた衝撃の3時間。,6/20 (金) 19:00〜(終22:01),,,
アンジーのBARで逢いましょう,,2025年/日本/1h28/PG12,監督：松本動 出演：草笛光子、松田陽子、青木柚、石田ひかり、ディーン・フジオカ,突然町にやってきて、いわくつきの物件でBARを開いた謎多き白髪の女性アンジー。彼女が問題を抱えた町の住人たちに魔法をかけていく痛快おとぎ話！,6/21(土)～6/27(金) 9：30～(終11：03),一般1700円 / 大学・専門1300円 / シニア1100円 / 小・中・高1000円 / 会員990円,,
シアトリカル 唐十郎と劇団唐組の記録,,2007年/日本/1h42,監督・脚本・構成・製作：大島新『国葬の日』『なぜ君は総理大臣になれないのか』 出演：唐十郎、鳥山昌克、久保井研、辻孝彦、稲荷卓央、藤井由紀,紅テント公演で演劇界に革命的な衝撃を与えた天才劇作家・唐十郎と劇団員の活動と芝居に対する凄まじい情熱を捉えた大島新初監督ドキュメンタリー。,6/21(土)～6/27(金) 11：20～(終13：07),一般1700円 / 大学・専門1300円 / シニア1100円 / 小・中・高1000円 / 会員990円,日本映画批評家大賞 ドキュメンタリー賞,★6/21(土) 、6/26(木)上映後、大島新監督の舞台挨拶あり
あの歌を憶えている,,2023年/アメリカ・メキシコ/1h43,監督・脚本：ミシェル・フランコ 出演：ジェシカ・チャステイン、ピーター・サースガード,13歳の娘とNYで暮らすシルヴィアは若年性認知症を抱えるソールと出会い…。記憶に翻弄される二人が、過去や人生と向き合う姿を静かに優しく描き出す。,6/21(土)～6/27(金) 13：30～(終15：18),一般1700円 / 大学・専門1300円 / シニア1100円 / 小・中・高1000円 / 会員990円,ヴェネチア国際映画祭 コンペティション部門 男優賞,
聖なるイチジクの種,,2024年/フランス・ドイツ・イラン/2h47,監督：モハマド・ラスロフ 出演：ミシャク・ザラ,政府への反抗議デモで揺れるイラン。判事のイマンは護身用に国から一丁の銃を支給されるが、家庭内から銃が消え…。母国を追われた監督が世界に問う衝撃作。,6/21(土)～6/27(金) 15：30～(終18：20),一般1700円 / 大学・専門1300円 / シニア1100円 / 小・中・高1000円 / 会員990円,カンヌ国際映画祭 審査員特別賞,
ドリーミン・ワイルド 名もなき家族のうた,,2022年/アメリカ/1h51,監督・脚本：ビル・ポーラッド『ラブ＆マーシー 終わらないメロディー』 出演：ケイシー・アフレック、ノア・ジュプ、ズーイー・デシャネル,1979年に10代でレコーディングした１枚のアルバムが、約30年後に”埋もれた傑作”として再評価され、注目を集めた兄弟とその家族の半生を描いた実話の物語。,6/21(土)～6/27(金) 18：30～(終20：25),一般1700円 / 大学・専門1300円 / シニア1100円 / 小・中・高1000円 / 会員990円,,
白夜 4Kレストア版,,1971年/フランス・イタリア/1h23,監督・脚本：ロベール・ブレッソン 原作：ドストエフスキー 出演：ギヨーム・デ・フォレ、イザベル・ヴェンガルテン,画家の青年ジャックと恋人を待つ女性マルト。セーヌ河にかかる橋ポンヌフで出会った二人が恋と愛にうつろう四夜の物語を、巨匠ブレッソンが瑞々しく描く。,6/21(土)～6/27(金) 20：35～(終22：03）,一般1700円 / 大学・専門1300円 / シニア1100円 / 小・中・高1000円 / 会員990円,,★先着で、特製ポストカード3枚セットをプレゼント！（数量限定）
光る川,,2024年/日本/1h48,監督・脚本：金子雅和『リング・ワンダリング』 出演：華村あすか、葵揚、有山実俊、足立智充,高度経済成長期、山間に暮らす少年ユウチャは古くから伝わる悲恋の物語を聞く。圧倒的なロケーションと民俗学に裏打ちされた世界観で描く伝承と解放の物語。,6/28(土)～7/4(金) 9:30～(終11：23),一般1700円 / 大学・専門1300円 / シニア1100円 / 小・中・高1000円 / 会員990円,,★7/1(火)金子雅和監督による舞台挨拶あり ★先着でポストカードをプレゼント！(数量限定)
ローマ法王になる日まで,,2015年/1h53/イタリア,監督・脚本：ダニエレ・ルケッティ 出演：ロドリゴ・デ・ラ・セルナ、セルヒオ・エルナンデス,今年亡くなったローマ法王・フランシスコ。アルゼンチン軍事政権下での弾圧を生き抜き、困難にあえぐ人々に寄り添い続けた知られざる彼の半生を描く感動のドラマ。,6/28(土)～7/4(金) 11：45～(終13：43),一般1700円 / 大学・専門1300円 / シニア1100円 / 小・中・高1000円 / 会員990円,,
HERE 時を越えて,,2024年/アメリカ/1h44,監督・脚本：ロバート・ゼメキス 出演：トム・ハンクス、ロビン・ライト,恐竜が駆け回る時代から現代の一軒家のリビングまで、地球上のある地点にカメラが固定され、そこで暮らす幾世代もの家族が交差する愛と喪失、記憶と希望の物語。,6/28(土)～7/4(金) 13:55～(終15：44),一般1700円 / 大学・専門1300円 / シニア1100円 / 小・中・高1000円 / 会員990円,,
エミリア・ペレス,,2024年/フランス/2h13,監督・脚本:ジャック・オーディアール 出演:ゾーイ・サルダナ、カルラ・ソフィア・ガスコン、セレーナ・ゴメス、アドリアーナ・パス,麻薬王のマニタスは弁護士・リタの力を借り、過去を捨て、女性として新たな人生を歩み始め…。罪と救済、愛と憎しみが交錯する異色のミュージカル。,6/28(土)～7/4(金) 15:55～(終18：13),一般1700円 / 大学・専門1300円 / シニア1100円 / 小・中・高1000円 / 会員990円,アカデミー賞 助演女優賞(ゾーイ・サルダナ)・歌曲賞 ゴールデン・グローブ賞 作品賞・助演女優賞・歌曲賞・外国語映画賞 カンヌ国際映画祭 女優賞・審査員賞,
ファレル・ウィリアムス：ピース・バイ・ピース,,2024年/アメリカ/1h34,監督・脚本・製作：モーガン・ネビル『バックコーラスの歌姫たち』声の出演：ファレル・ウィリアムス、スヌープ・ドッグ、ケンドリック・ラマー,孤独な音楽少年だったF・ウィリアムスが世界的ポップアイコンになるまでを全編レゴアニメで表現。唯一無二のクリエイティブな世界を体験する音楽ジャーニー。,6/28(土)～7/4(金) 18:25～(終20：04),一般1700円 / 大学・専門1300円 / シニア1100円 / 小・中・高1000円 / 会員990円,,
ここではないどこかで,,1982年/アメリカ/1h26,監督・脚本：キャスリーン・コリンズ 出演：セレット・スコット、ビル・ガン,大学で哲学を教えるサラは、画家の夫ヴィクターとニューヨークに住んでいる。夏の間、リゾート地で創作活動に専念したいと言い出すヴィクターに対し、論文執筆のため街に残りたいサラだったが渋々付き合うことに。しかしヴィクターは現地の女性にちょっかいを出し、サラは腹いせに教え子から頼まれていた自主映画への出演を決めてしまう。 アフリカ系女性監督による最初期の長編映画。正式公開には至らず、製作から6年後に監督のキャスリーン・コリンズは逝去。2015年に修復され上映を果たし、映画評論家のリチャード・ブロディが「ニューヨーカー」誌で「この映画が当時広く公開されていたら、映画史に名を刻んでいただろう」と評するなど絶賛された。エリック・ロメールを思わせるような軽妙かつ洗練された語り口で、男女の機微を活き活きと描く。,6/30(月)、7/4(金）20:15〜(終21:46),,,
小さな心に祝福を,,1984年/アメリカ/1h25,監督：ビリー・ウッドベリー 脚本：チャールズ・バーネット 出演：ネイト・ハードマン、ケイシー・ムーア,ロサンゼルスのワッツ地区で暮らす失業者チャーリーは3人の幼い子を養うため、職探しの毎日。日雇いの仕事にありつければまだマシな方、なかなか金を稼ぐ手立てが見つからない。妻のアンダイスは夫の不甲斐なさに半ば諦め顔、家計のやりくりに苦心しながら家事に忙殺されストレスがたまる一方。そんな中、チャーリーの浮気が発覚、ついにアンダイスの怒りが爆発する。 貧困地帯を舞台に、黒人家族の過酷な日常を抑制の効いたモノクロ映像で丹念に追う。監督は〈L.A.リベリオン〉※の中心人物の一人、ビリー・ウッドベリー。脚本と撮影を“最も偉大な黒人監督”と評されるチャールズ・バーネットが手掛けている。Rotten Tomatoesで100％の支持率を獲得。10分近く長回しで捉えたキッチンでの夫婦喧嘩は壮絶の一言。 ※L.A.リベリオン：1960年代後半から1980年代後半にかけてUCLAで学び、ハリウッドの伝統にとらわれない自由な映画づくりを目指したアフリカ系の映画人たちを指す。代表的な人物としてチャールズ・バーネット（『Killer of Sheep』)、ラリー・クラーク(『Passing Through』)、ジュリー・ダッシュ、ビリー・ウッドベリーらがいる。,6/29(日)、7/1(火）、7/3(木）20:15〜(終21:45),,,
海から来た娘たち,,1991年/アメリカ/1h52,監督・脚本：ジュリー・ダッシュ 出演：コーラ・リー・デイ、バーバラ・O・ジョーンズ,1902年、アメリカ大西洋沖シー諸島のある島。長年住んだ故郷を離れ、北への移住を決めたぺザント一族だったが、長老のナナは亡き夫が眠るこの地に残ると言い張る。それぞれの思惑が交錯する中、いよいよ島を出る時が来た。これから生まれてくる子供のモノローグで綴られる、ガラ族の女系家族の物語。虐げられても失わなかった高貴な魂と誇りを、詩的な映像美で高らかに謳いあげる。黒人女性監督による初めて公開された長編映画で、2016年にリリースされたビヨンセのアルバム『レモネード』が本作に多大な影響を受けていることから注目が集まり、2022年にはサイト＆サウンド誌「史上最高の映画ベスト100」の60位に選出されるなど、今も語り継がれる名作。1991年のサンダンス映画祭で撮影賞を受賞。,6/28(土)、7/2(水）20:15〜(終22:12),,,
旅するローマ教皇,,2022年/イタリア/1h23,監督・脚本：ジャンフランコ・ロージ,2013年の就任から9年間で、53か国を訪問した、前ローマ教皇フランシスコ。市井の人々と触れ合い、慈愛に満ちた言葉を投げかける姿を捉えたドキュメント。,7/5(土)～7/11(金) 9:30～(終10：58),一般1700円 / 大学・専門1300円 / シニア1100円 / 小・中・高1000円 / 会員990円,ザグレブ・ドックス国際ドキュメンタリー映画祭 マイ・ジェネレーション賞,
ドマーニ！愛のことづて,,2023年/イタリア/1h58,監督・脚本・出演：パオラ・コルテッレージ 出演：ヴァレリオ・マスタンドレア、ジョルジョ・コランジェリ,戦後まもないローマ。家族と共に半地下で暮らし、過酷な生活を送る女性デリアのもとに、謎めいた手紙が届き…。女性たちに勇気をもたらす傑作ドラマ。,7/5(土)～7/11(金) 11：15～(終13：18),一般1700円 / 大学・専門1300円 / シニア1100円 / 小・中・高1000円 / 会員990円,ダヴィッド・ディ・ドナテッロ賞 主演女優賞・助演女優賞・新人監督賞・脚本賞,
シンシン／SING SING,,2023年/アメリカ/1h47,監督：グレッグ・クウェダー 出演：コールマン・ドミンゴ、クラレンス・マクリン,NYシンシン刑務所。無実の罪で収監されたディヴァインが所属する演劇の更生プログラムに、刑務所の厄介者が参加するが…。実話に基づく感動の友情ドラマ。,7/5(土)～7/11(金) 13:35～(終15：27),一般1700円 / 大学・専門1300円 / シニア1100円 / 小・中・高1000円 / 会員990円,アカデミー賞 主演男優賞・脚色賞・歌曲賞ノミネート,
カップルズ 4Kレストア版,,1996年/台湾/2h00/PG12,監督・脚本：エドワード・ヤン 出演：ヴィルジニー・ルドワイヤン、クー・ユールン,90年代の台北。お金も自由も愛も手に入ると信じていた4人の少年ギャングの前に、少女マルトが現れ…。欲望を追い求める若者たちの悲劇と希望を描く。,7/5(土)～7/11(金) 15:40～(終17：45),一般1700円 / 大学・専門1300円 / シニア1100円 / 小・中・高1000円 / 会員990円,ベルリン国際映画祭アルフレッド・バウアー名誉賞受賞,
[A]左手に気をつけろ,,2023年/日本/0h43,監督・脚本・編集：井口奈己 撮影・仕上げ：鈴木昭彦 音楽：Yuke Myras 大滝充 出演：名古屋愛、北口美愛、松本桂,20XX年。世界では左利きを媒介するウイルスが蔓延し、こども警察による厳しい取り締まりが行われていた。行方不明になった姉を探す神戸りんは、その足取りを追うなかで“運命の人”と出会い「世界を変えていく」と意気込んでいくのだが...。短編シリーズ第2弾。,,,,
[A]だれかが歌ってる,,2019年/日本/0h30,監督・脚本・編集：井口奈己 撮影・仕上げ：鈴木昭彦 絵・出演：山口一郎 音楽・出演：細海魚 出演：森岡未帆、川井優作、秋谷悠太、北口美愛、新居昭乃,いつもの街角、どこからともなく聴こえるメロディ。何気ない日常のなかで重なる「偶然」が人の想いを繋いでいく。松蔭神社前のカフェ・タビラコを舞台にした短編シリーズ第1弾。井口奈己監督が自身の持つ興味の本質を模索するかのような根源的作品。,,,,
[A]たまに君のことを思い出してしまうよな Helsinki Lambda Club MV,,2024年/日本/0h06,監督・脚本・編集：井口奈己 作詞・作曲・出演：橋本薫 出演：名古屋愛,,『左手に気をつけろ』＋『だれかが歌ってる』＋MV『たまに君のことを思い出してしまうよな』同時上映,,,
[B]人のセックスを笑うな,,2007年/日本/2h17/35mm,監督：井口奈己 原作：山崎ナオコーラ 出演：永作博美、松山ケンイチ、蒼井優、忍成修吾、市川実和子、藤田陽子,19歳の美術学校生のみるめ。ある日、絵のモデルを20才年上の講師ユリに頼まれ、恋におちた。初めての恋に有頂天のみるめだったが、実はユリは結婚していたー。恋する切なさ、楽しさ、滑稽さを、丁寧に映し出し、観るものの胸をしめつける、せつなさ100%の恋愛映画。,7/5(土)、7/8(火)19：40〜(終22：02),,,
[C]犬猫(8mm),,2000年/1h24/8mm/DCP◆8mm映写：鈴木昭彦,監督：井口奈己 撮影・録音：鈴木昭彦 制作：佐野久仁子 出演：小松留美、塩谷恵子、鈴木卓爾、川原啓介、阿部美奈子、小林花よ,留学した友人の留守宅を預かることになったヨーコのもとへ、幼馴染のスズが転がり込んできた。一軒家での2人暮らしは、ヨーコが密かに想いを寄せていた三鷹君を、スズがちゃっかり招待したあたりから雲行きが怪しくなってきて...。井口奈己の初監督作品。,7/6(日)18：15〜(終19：39)※8mm上映 7/7(月)18：00〜(終19：29)※DCP上映 7/10(木)19：40〜(終21：09)※DCP上映,,,
[D]こどもが映画をつくるとき,,2021年/日本/1h56,監督・撮影・編集：井口奈己 撮影・仕上げ：鈴木昭彦/撮影：真弓信吾 録音：城野直樹、坂元就 音楽：木村恵太郎,コロナ禍に宮崎で開催された「こども映画教室」。12人のこどもたちが、3日間で映画をつくり、上映するまでの姿を追いかけた、こどもが主役のドキュメンタリー。映画作りの初期衝動や自由さがまっすぐに伝わってくる、井口監督初のドキュメンタリー作品。,,,,
[D]BLUE group_inou MV,,2015年/日本/0h06,監督・編集：井口奈己 撮影：鈴木昭彦 出演：中村ゆりか、志田彩良,,『こどもが映画をつくるとき』+MV『BLUE』同時上映,,,
マリア・モンテッソーリ 愛と創造のメソッド,,2023年/フランス・イタリア/1h39,監督・脚本：レア・トドロフ 出演：ジャスミン・トリンカ、レイラ・ベクティ、ラファエル・ソンヌヴィル=キャビー,モンテッソーリ教育の生みの親で、イタリア初の女性医師、そして母親でもあったマリアが自らの教育実践の場「子どもの家」を開設するまでの7年間を描く。,7/12(土)～7/18(金) 9:30～(終11：14),一般1700円 / 大学・専門1300円 / シニア1100円 / 小・中・高1000円 / 会員990円,,
JOIKA 美と狂気のバレリーナ,,2023年/イギリス・ニュージーランド/1h51,監督・脚本：ジェームス・ネイピア・ロバートソン 出演：タリア・ライダー、ダイアン・クルーガー,夢を抱いてロシアのボリショイ・バレエ団に入学したアメリカ人のジョイは、教師・ヴォルコワによる脅迫的レッスンで追い込まれていく。実話に基づく狂気に満ちた物語,7/12(土)～7/18(金) 11:30～(終13：25),一般1700円 / 大学・専門1300円 / シニア1100円 / 小・中・高1000円 / 会員990円,,
ファーストキス 1ST KISS,,2025年/日本/2h04,監督：塚原あゆ子 脚本：坂元裕二『花束みたいな恋をした』 出演：松たか子、松村北斗、リリー・フランキー、吉岡里帆、森七菜,夫を事故で失ったカンナは、15年前にタイムトラベルし、再び恋をする。夫を救うためカンナがとる行動とはー。坂元裕二脚本による心揺さぶるラブストーリー。,7/12(土)～7/18(金) 13:40～(終15：49) 7/19(土)～7/25(金) 11:25～(終13：34),一般1700円 / 大学・専門1300円 / シニア1100円 / 小・中・高1000円 / 会員990円,,
東京公園,,2011年/日本/1h59,監督・脚本・音楽：青山真治 出演：三浦春馬、榮倉奈々、染谷将太、小西真奈美、井川遥,大切な人をまっすぐに見つめたくなる。東京中の公園で切実な想いが重なり合う、珠玉のラブストーリー。,7/12(土)～7/18(金) 16:00～(終18：04),一般1700円 / 大学・専門1300円 / シニア1100円 / 小・中・高1000円 / 会員990円,,
朝の火,,2024年/日本/1h22,監督・脚本・編集：広田智大 助監督：甫木元空、栗原翔 出演：笠島智、山本圭将、福本剛士、須森隆文,ゴミ処理施設で働く二人の男。平成と令和の狭間で、現代社会から孤立して生きる人々を描き出す。,7/12(土)、14(月)、16(水)、18(金) 18:15～(終19：40) 7/13(日)、15(火)、17(木) 20:25～(終21：50),一般1700円 / 大学・専門1300円 / シニア1100円 / 小・中・高1000円 / 会員990円,,★期間中トークを予定 ★先着プレゼント（B5サイズに折りたたんだポスター）あり
BAUS 映画から船出した映画館,,2024年/日本/1h56,監督・脚本：甫木元空 脚本：青山真治 出演：染谷将太、峯田和伸、夏帆,2014年に幕を閉じた〈吉祥寺バウスシアター〉。映画上映のみならず、演劇、音楽、落語…と娯楽を追い求め我々を魅了し続けた、シアターの始まりを辿る物語。,7/12(土)、14(月)、16(水)、18(金) 19:50～(終21：50) 7/13(日)、15(火)、17(木) 18:15～(終20：15),一般1700円 / 大学・専門1300円 / シニア1100円 / 小・中・高1000円 / 会員990円,,★7/12(土)上映後、甫木元空監督による舞台挨拶あり
ロボット・ドリームズ,,2023年/スペイン・フランス/1h42,監督・製作・脚本：パブロ・ベルヘル 原作：サラ・バロン,孤独な犬とその元へやってきたロボットが紡ぐ友情をセリフ無しで描くアニメ。1980年代のNYの街並みを見事に再現し、当時の音楽に彩られた切なくも温かい物語。,7/19(土)～7/25(金) 13:50～(終15：37) 7/26(土)～8/1(金) 17:45～(終19：32),一般1700円 / 大学・専門1300円 / シニア1100円 / 小・中・高1000円 / 会員990円,,
けものがいる,,2023年/フランス・カナダ/2h26,監督・脚本・音楽：ベルトラン・ボネロ『SAINT LAURENT サンローラン』 製作・声：グザヴィエ・ドラン 出演：レア・セドゥ、ジョージ・マッケイ,AIが社会の中心になった2044年のパリに住む主人公は、DNAに刻まれた前世の不都合な記憶を浄化するため、100年以上前の過去へと遡ることになる。,7/19(土)～7/25(金) 15:50～(終18：20),一般1700円 / 大学・専門1300円 / シニア1100円 / 小・中・高1000円 / 会員990円,,
ミゼリコルディア,,2024/フランス/1h43,監督・脚本：アラン・ギロディ 出演：フェリックス・キシル、カトリーヌ・フロ、ジャン=バティスト・デュラ、ジャック・ドゥヴレイ,秋、紅葉が美しく、石造りの家が建ち並ぶ村。ジェレミーは、かつて働いていたパン屋の店主の葬儀に参列するため帰郷する。男の未亡人マルティーヌの勧めで家に一泊だけすることになるが、思いのほか長引く滞在。そんな中、起きた謎の失踪事件——。未亡人の息子ヴァンサン、音信不通となっていたかつての親友ワルター、奇妙な神父フィリップ、そして、村の秘密を知っている警官。村に立ち込めるそれぞれの思惑と欲望。,7/19(土)、23(水)、24(木) 18:30〜(終20:18) 7/20(日)、22(火)、25(金) 20:30〜(終22:18),,,
ノーバディーズ・ヒーロー,,2022年/フランス/1h40,監督・脚本：アラン・ギロディ 出演：ジャン＝シャルル・クリシェ、ノエミ・ルヴォウスキー、イリエス・カドリ,冬、クリスマス前、師走の街。独身男性のメデリックは、ランニング中に見ず知らずの売春婦イザドラに一目惚れし口説くが、嫉妬深い夫の乱入で邪魔をされる。同時に市街では大規模なテロが発生—— 突然メデリックのアパートに現れたアラブ系の青年セリム、仕事とプライベートの区別がないフロランス、混乱する近隣住人たちとホテルフロントの老人と少女。愛に突き進むメデリックの周りで発生する予期せぬトラブルが周辺を巻き込んでゆく。,7/19(土)、24(木) 20:30〜(終22:15) 7/21(月・祝) 18:30〜(終20:15),,,
湖の見知らぬ男,,2013年/フランス/1h40,監督・脚本：アラン・ギロディ 出演：ピエール・ドゥラドンシャン、クリストフ・パウ、パトリック・ダスマサオ,夏、美しくブルーに輝く湖。ここは男性同士が出会うためのクルージングスポットになっている。ヴァカンス中に訪れた若い青年フランクは魅力的なミシェルと出会い恋に落ちる。ある夕方、フランクは湖で喧嘩する2人を目撃する。その数日後、ミシェルの恋人だった男性が溺死体で発見された。捜査の手が入った男たちの楽園は一転して不穏な空気が立ち込める。情熱が恐怖を上回る瞬間、自らの欲望に身を任せてゆく——。,7/20(日)、22(火)、25(金) 18:30〜(終20:15) 7/21(月・祝)、23(水) 20:30〜(終22:15),,,
104歳、哲代さんのひとり暮らし,,2024年/日本/1h34,監督・編集：山本和宏 ナレーション：リリー・フランキー,尾道市の山あいの町で、100歳を越えてひとり暮らしを続ける哲代さん。老いてなお、ごきげんな哲代さんの心も体もさびない生き方をみつめたドキュメンタリー。,7/26(土)～8/1(金) 9:30～(終11：09),一般1700円 / 大学・専門1300円 / シニア1100円 / 小・中・高1000円 / 会員990円,,
来し方 行く末,,2023年/中国/1h59,監督・脚本：リウ・ジアイン 出演：フー・ゴー、ウー・レイ,脚本家として芽が出ず、弔辞の代筆業で生計を立てるウェン。様々な依頼主との交流を通して、彼の心に変化が生じ…。人生の回り道を優しく包むヒューマンドラマ。,7/26(土)～8/1(金) 11:25～(終13：29),一般1700円 / 大学・専門1300円 / シニア1100円 / 小・中・高1000円 / 会員990円,上海国際映画祭 最優秀監督賞＆男優賞,
片思い世界,,2025年/日本/2h06,監督：土井裕泰 脚本：坂元裕二『花束みたいな恋をした』 出演：広瀬すず、杉咲花、清原果耶、横浜流星、小野花梨,とある理由から強い絆で結ばれてきた美咲、優花、さくらの3人。それぞれが抱える究極の片思いとはー。悩みながらも誰かを思い続ける彼女たちの希望の物語。,7/26(土)～8/1(金) 13:45～(終15：55),一般1700円 / 大学・専門1300円 / シニア1100円 / 小・中・高1000円 / 会員990円,,
Flow,,2024年/ラトビア・フランス・ベルギー/1h25,監督・製作・脚本・撮影・編集：ギンツ・ジルバロディス,世界が大洪水に包まれ、旅立つ決意した一匹の猫。ボートに乗り合わせた動物たちと危機を乗り越えー。セリフなしで描く、想像を超える冒険アニメーション。,7/26(土)～8/1(金) 16:05～(終17：35),一般1700円 / 大学・専門1300円 / シニア1100円 / 小・中・高1000円 / 会員990円,,★先着でぬりえカードプレゼント！（数量限定）
ひろしま,,1953年/日本/1h44,監督：関川秀雄 原作：長田新 出演：岡田英次,実際の被爆者の手記を原作に、原爆の惨状をリアルに描く。被爆から8年後、約9万人の広島市民がエキストラとして参加した、魂の訴えが込められた衝撃作。,8/2(土)～8/8(金) 9:30～(終11:19),一般1700円 / 大学・専門1300円 / シニア1100円 / 小・中・高1000円 / 会員990円,ベルリン国際映画祭 長編映画賞,
ゲッベルスヒトラーをプロデュースした男,,2024年/ドイツ・スロバキア/2h08/PG12,監督:ヨアヒム・A・ラング,ヒトラーを英雄に仕立て上げ、大量虐殺に国民を加担させた、ナチスの宣伝大臣ヨーゼフ・ゲッベルス。プロパガンダの天才と呼ばれた驚愕の手法が明かされる。,8/2(土)～8/8(金) 11:35～(終13:48),一般1700円 / 大学・専門1300円 / シニア1100円 / 小・中・高1000円 / 会員990円,,
天国の日々 4K,,1978年/アメリカ/1h34/PG12,監督・脚本：テレンス・マリック 出演：リチャード・ギア、ブルック・アダムス、リンダ・マンズ,20世紀初頭のテキサスの農園を舞台に描く若者たちの愛と憎しみ。日没間近のマジックアワーに撮影された圧巻の映像美に、モリコーネの美しい旋律が響く。,8/2(土)～8/8(金) 14:05～(終15:44),一般1700円 / 大学・専門1300円 / シニア1100円 / 小・中・高1000円 / 会員990円,,
RETURN TO REASON／リターン・トゥ・リーズン,,2023年/フランス/1h10,監督：マン・レイ,前衛芸術家マン・レイが監督した美しいモノクロの短編4本に、ジャームッシュ率いる音楽ユニット・スクワールの繊細かつ破壊的な音楽を融合させた作品。,8/2(土)～8/8(金) 15:55～(終17:10),一般1700円 / 大学・専門1300円 / シニア1100円 / 小・中・高1000円 / 会員990円,,
教皇選挙,,2024年/アメリカ・イギリス/2h00,監督：エドワード・ベルガー 出演：レイフ・ファインズ、スタンリー・トゥッチ、イザベラ・ロッセリーニ,ローマ教皇が死去し、新教皇を決める〈コンクラーベ〉に世界各国から候補者たちが集まった。蠢く陰謀、差別、スキャンダル…。選挙の内幕に迫ったミステリー。,8/9(土)～8/15(金) 11:45～(終13:50) 8/16(土)～8/22(金) 9:30～(終11:35) 8/23(土)～8/29(金) 13:50～(終15:55),一般1800円 / 大学・専門1400円 / シニア1100円 / 小・中・高1000円 / 会員990円,アカデミー賞 脚色賞受賞、作品賞他8部門ノミネート,
リー・ミラー 彼女の瞳が映す世界,,2023年/イギリス/1h56,監督：エレン・クラス 出演：ケイト・ウィンスレット,トップモデルから報道写真家に転身したリーは、第二次世界大戦中に従軍記者として強制収容所などのスクープを収め…。実在した女性の数奇な人生を描く。,8/9(土)～8/15(金) 14:05～(終16:05),一般1700円 / 大学・専門1300円 / シニア1100円 / 小・中・高1000円 / 会員990円,ゴールデングローブ賞最優秀主演女優賞ノミネート,
訪問、あるいは記憶、そして告白,,1982年/ポルトガル/1h08,監督・脚本・出演：マノエル・ド・オリヴェイラ 出演：マリア・イザベル・ド・オリヴェイラ、ウルバノ・タヴァレス・ロドリゲス,1942年に建てられて以来、およそ40年間オリヴェイラが暮らしたポルトの家を舞台に、自身の死後発表するよう言付けられた、自らの人生を辿るドキュメンタリー作品。,8/9(土)18:40〜(終19:53),,,
カニバイシュ,,1988年/フランス、西ドイツ、イタリア、スイス/1h39,監督・脚色・台詞：マノエル・ド・オリヴェイラ出演：ルイス・ミゲル・シントラ、レオノール・シルヴェイラ、ディオゴ・ドリア,マルガリーダとアヴェレダ子爵の婚礼の夜。子爵は自らが人間でないことを告白する…。奇想天外なユーモアが炸裂するオペラ・ブッファ（喜劇的なオペラ）映画の怪作。,8/11(月・祝)18:40〜(終20:24),,,
絶望の日,,1992年/ポルトガル、フランス/1h17,監督・脚本・台詞：マノエル・ド・オリヴェイラ出演：テレーザ・マドルーガ、マリオ・バローゾ、ルイス・ミゲル・シントラ,19世紀ポルトガル文学を代表する小説家カミーロ・カステロ・ブランコ。葛藤と苦悩の末、拳銃自殺を遂げるに至った最期の日々を、生家を舞台に描く。,8/9(土)20:50〜(終22:12) 8/13(水)18:40〜(終20:02) 8/19(火)14:10〜(終15:32),,,
アブラハム渓谷 完全版,,1993年/フランス、ポルトガル、スイス/3h23,監督・脚本：マノエル・ド・オリヴェイラ 出演：レオノール・シルヴェイラ、セシル・サンス・ド・アルバ、ルイス・ミゲル・シントラ,「ボヴァリー夫人」をアグスティーナ・ベッサ＝ルイスが翻案し、原作を執筆。言葉、映像、そして音楽が自律しながら精妙かつ鮮烈に調和する「文芸映画」の最高峰。,8/10(日)、12(火)、14(木) 18:40〜(終22:08) 8/16(土)、18(月)、20(水)、22(金) 14:10〜(終17:38),,,
夜顔,,2006年/ポルトガル、フランス/1h09,監督・脚本：マノエル・ド・オリヴェイラ 出演：ミシェル・ピコリ、ビュル・オジエ、リカルド・トレパ、レオノール・バルダック,ブニュエル監督作『昼顔』の登場人物たちの38年後を描く。パリで偶然再会したアンリとセヴリーヌ。アンリは真実を打ち明けるという口実でセヴリーヌを食事に誘う…。,8/11(月・祝)21:10〜(終22:24) 8/15(金)18:40〜(終19:54) 8/19(火)15:50〜(終17:04),,,
ボサノヴァ～撃たれたピアニスト,,2023年/スペイン・フランス・オランダ・ポルトガル/1h43,監督・脚本：フェルナンド・トルエバ 監督：ハビエル・マリスカル,60年代にたった１枚のアルバムを残して失踪した実在の天才ジャズピアニスト、テノーリオ。彼の足跡を辿ってラテンアメリカの光と影を描くスリリングなアニメ。,8/16(土)～8/22(金) 17:50～(終19:38),一般1700円 / 大学・専門1300円 / シニア1100円 / 小・中・高1000円 / 会員990円,,★先着でポストカードプレゼント！
太陽（ティダ）の運命,,2025年/日本/2h09,監督：佐古忠彦,大田昌秀と翁長雄志、それぞれ国と激しく対峙した2人の沖縄県知事の姿を追ったドキュメンタリー。闘いと挫折の先に見えてくるこの国の現在地とは。,8/23(土)～8/29(金) 9:30～(終11:44),一般1700円 / 大学・専門1300円 / シニア1100円 / 小・中・高1000円 / 会員990円,,
ANORA アノーラ,,2024年/アメリカ/2h19/R18+,監督・編集・製作・脚本：ショーン・ベイカー 出演：マイキー・マディソン,ストリップダンサーのアノーラは御曹司イヴァンと出会い、衝動的に結婚するも彼の両親に阻止され…。シンデレラストーリーのその先を描く人間讃歌。,8/23(土)～8/29(金) 16:05～(終18:29),一般1700円 / 大学・専門1300円 / シニア1100円 / 小・中・高1000円 / 会員990円,カンヌ国際映画祭 パルムドールアカデミー賞 作品賞 他５部門,ショーン・ベイカー監督特集を9月上映予定！
